,Sex,Class,Survived,Died,percentage
0,Children,First,6,0,100
1,Children,Second,24,0,100
2,Children,Third,27,52,34.17721519
3,Men,First,57,118,32.57142857
4,Men,Second,14,154,8.333333333
5,Men,Third,75,387,16.23376623
6,Men,Crew,192,693,21.69491525
7,Women,First,140,4,97.22222222
8,Women,Second,80,13,86.02150538
9,Women,Third,76,89,46.06060606
10,Women,Crew,20,3,86.95652174
