,Sex,Class,Survived,Died,percentage
0,Children,First,6,0,100.0
1,Children,Second,24,0,100.0
2,Children,Third,27,52,34.177215189873415
3,Men,First,57,118,32.57142857142858
4,Men,Second,14,154,8.333333333333332
5,Men,Third,75,387,16.233766233766232
7,Women,First,140,4,97.22222222222221
8,Women,Second,80,13,86.02150537634408
9,Women,Third,76,89,46.06060606060606
